Number of Reads,54917062
Reads With Valid Barcodes,1
Sequencing Saturation,0.494396
Q30 Bases in CB+UMI,-nan
Q30 Bases in RNA read,0.944564
Reads Mapped to Genome: Unique+Multiple,0.000766137
Reads Mapped to Genome: Unique,0.000498024
Reads Mapped to Gene: Unique+Multiple Gene,NoMulti
Reads Mapped to Gene: Unique Gene,4.38661e-05
Estimated Number of Cells,1120
Unique Reads in Cells Mapped to Gene,2409
Fraction of Unique Reads in Cells,1
Mean Reads per Cell,2
Median Reads per Cell,1
UMIs in Cells,1218
Mean UMI per Cell,1
Median UMI per Cell,1
Mean Gene per Cell,1
Median Gene per Cell,1
Total Gene Detected,7
